{"20190617":{"bmssp":[8.966999999999999,7.672,4.931,4.928,7.920999999999999,7.684,5.941,7.085,7.413,7.781,4.585,7.061999999999999,6.5009999999999994,6.029999999999999,6.0169999999999995,3.859,3.82,5.944,4.44,3.9090000000000003,5.827,3.815,5.664,4.531999999999999,5.191999999999999,3.879,3.755,3.81,3.729,6.034000000000001,5.679,6.095,6.025,5.235,4.133,4.356999999999999,6.737,5.596,6.1770000000000005,5.959,4.6160000000000005,5.295,5.8389999999999995,6.343,4.354,5.420999999999999,6.237,6.364,5.827999999999999,6.717,5.2620000000000005,3.743,6.018,6.444,6.224,6.801,6.838,6.944999999999999,7.351,8.128,7.9030000000000005,6.678,5.831,6.755,6.639,4.765000000000001,6.326,7.154,4.485,7.589,4.648000000000001,7.086,3.811,6.059,3.738,4.444,5.987,5.109,5.796,5.739,5.583,3.813,5.695,5.696,5.819999999999999,4.934,6.0489999999999995,6.085,5.5760000000000005,5.953,6.472,7.08,5.888,5.8149999999999995,5.309,5.236,6.307,4.553,5.938,4.033],"dijkstra":[0.631,0.519,0.513,0.554,0.496,0.537,0.479,0.499,0.49700000000000005,0.5569999999999999,0.496,0.496,0.636,0.501,0.499,0.5199999999999999,0.515,0.49799999999999994,0.513,0.509,0.499,0.517,0.494,0.46,0.5519999999999999,0.517,0.495,0.5599999999999999,0.5199999999999999,0.49799999999999994,0.496,0.517,0.51,0.505,0.53,0.483,0.569,0.5,0.508,0.512,0.526,0.501,0.501,0.611,0.525,0.555,0.51,0.51,0.5,0.505,0.481,0.528,0.5559999999999999,0.5109999999999999,0.5569999999999999,0.505,0.508,0.507,0.503,0.571,0.509,0.507,0.603,0.5469999999999999,0.555,0.49700000000000005,0.558,0.5,0.5289999999999999,0.606,0.47100000000000003,0.621,0.571,0.504,0.528,0.525,0.503,0.481,0.5,0.501,0.508,0.499,0.524,0.502,0.5,0.526,0.503,0.517,0.533,0.504,0.503,0.504,0.49700000000000005,0.51,0.47300000000000003,0.589,0.504,0.532,0.505,0.5289999999999999]},"20200615":{"bmssp":[4.2589999999999995,4.005,3.9110000000000005,3.9699999999999998,3.965,4.165,3.836,3.9090000000000003,3.932,4.012,5.222,6.446999999999999,4.084,4.428999999999999,3.941,6.791,5.3340000000000005,5.472,4.009,4.114,4.897,5.118,5.127,3.9179999999999997,5.016,6.734,4.127,3.876,3.91,4.928,5.114999999999999,5.117,4.065,4.794,5.117,3.879,5.123,5.548,4.236,5.018,3.9830000000000005,4.002999999999999,4.522,6.9639999999999995,3.8649999999999998,4.181,5.114,4.976,3.887,3.9029999999999996,6.804,5.118,3.9839999999999995,3.9290000000000003,3.884,5.009,10.482999999999999,85.794,6.267,8.144,7.391,6.981,5.577,6.473,5.046,6.643,6.245,11.657,9.654,6.329000000000001,9.270999999999999,8.057,6.625,4.917999999999999,6.993,4.688000000000001,6.32,5.508,5.377,5.373,5.1339999999999995,5.917000000000001,5.776,7.485,4.633,5.738,4.351,5.57,7.433000000000001,6.887,5.2989999999999995,4.596,5.420999999999999,5.484,4.172000000000001,5.297,5.516,5.4559999999999995,7.164000000000001,5.791],"dijkstra":[0.6669999999999999,1.052,0.79,0.719,0.646,0.737,0.554,0.562,0.569,0.5479999999999999,0.5599999999999999,0.599,0.683,0.879,0.7699999999999999,0.758,0.555,0.63,0.5680000000000001,0.565,0.54,0.626,0.5509999999999999,0.5419999999999999,0.539,0.789,0.815,0.615,0.637,0.7290000000000001,0.825,0.776,0.585,0.5640000000000001,0.5519999999999999,0.554,0.5509999999999999,0.631,0.8809999999999999,0.606,0.657,0.593,0.555,0.664,0.5479999999999999,0.646,0.585,0.6,0.574,0.652,0.763,0.612,0.629,0.594,0.592,0.565,0.612,0.5770000000000001,0.611,0.601,0.621,0.5900000000000001,0.6489999999999999,0.679,0.656,0.608,0.594,0.647,0.609,0.5770000000000001,0.628,0.703,0.642,0.624,0.641,0.618,0.673,0.587,0.5569999999999999,0.554,0.57,0.579,0.5680000000000001,0.712,0.5860000000000001,0.584,0.5820000000000001,0.619,0.735,0.838,0.7380000000000001,0.657,0.603,0.592,0.602,0.61,0.603,0.597,0.648,0.5860000000000001]},"20210615":{"bmssp":[15.900999999999998,11.488999999999999,9.693999999999999,11.626,10.770999999999999,11.214,11.26,10.505,9.862,10.232,9.969999999999999,9.181,12.65,9.329,8.821000000000002,7.7780000000000005,9.249,9.098,7.729,9.057,9.006,7.517,8.724,7.4799999999999995,9.067,7.463,8.127,9.014,8.784,11.350000000000001,8.985,8.629,7.116,7.098,7.101,7.924,7.397,7.84,12.972,9.186,7.619,8.248999999999999,10.422,7.414,9.411,7.845,8.168999999999999,10.286,11.003,8.757,8.559000000000001,8.11,8.961,7.712,12.938,9.869,11.536,9.463,11.506,8.893,9.395999999999999,7.913999999999999,9.599,9.6,8.047,9.786,8.269,10.147,12.407,7.657,9.187000000000001,13.987,7.7330000000000005,8.436,7.766,10.486,8.933,10.254,8.35,10.052999999999999,9.559,10.445,9.686,13.876,12.362,10.822,10.046,12.103,9.892,10.487,15.434,16.59,9.747,10.157,10.959999999999999,12.097999999999999,9.817,11.347,14.977,10.776000000000002],"dijkstra":[1.96,1.113,1.0859999999999999,1.074,1.0839999999999999,1.075,1.065,1.272,1.063,1.118,1.06,1.153,1.186,1.193,1.125,1.1360000000000001,1.121,1.124,1.118,1.127,1.132,1.118,1.1199999999999999,1.117,1.118,1.132,1.148,1.174,1.137,1.177,1.1,1.127,1.129,1.1329999999999998,1.124,1.135,1.177,1.119,1.253,1.158,1.127,1.141,1.108,1.1329999999999998,1.11,1.1150000000000002,1.224,1.124,1.242,1.184,1.1360000000000001,1.193,1.253,1.143,1.176,1.124,1.125,1.148,1.2049999999999998,1.147,1.1900000000000002,1.1329999999999998,1.127,1.137,1.1340000000000001,1.1329999999999998,1.129,1.124,1.2149999999999999,1.124,1.137,1.173,1.13,1.149,1.14,1.1789999999999998,1.142,1.1460000000000001,1.1219999999999999,1.116,1.1280000000000001,1.135,1.137,1.181,1.1460000000000001,1.1360000000000001,1.127,1.244,1.124,1.135,1.177,1.1720000000000002,1.149,1.3760000000000001,2.063,1.737,1.281,1.035,1.145,1.099]},"20220605":{"bmssp":[18.526,16.093,14.826,17.648,13.568,12.513,13.732,13.665999999999999,12.194999999999999,15.438,17.079,17.724,22.114,24.983,17.404,15.847,16.267,15.592,13.513,18.544999999999998,12.959999999999999,17.687,12.353,14.083,13.696,13.733,13.822,14.559000000000001,19.088,14.940999999999999,19.761,16.112000000000002,23.118,20.042,21.086000000000002,15.118,18.148999999999997,101.125,31.615,18.994,17.52,17.91,18.433,27.060000000000002,18.01,19.896,27.303,17.753,21.365,18.156,20.235,31.917,18.09,18.939999999999998,18.941,21.442,20.385,17.964000000000002,18.599,19.413,20.116,25.305,32.906,65.245,71.64,20.287,27.796999999999997,29.012,18.509999999999998,17.279,20.552999999999997,21.854,27.955000000000002,19.078000000000003,22.922,17.128,18.543,19.67,21.68,31.83,22.015,38.767,18.529,17.585,20.828,13.723,12.947999999999999,12.625,11.610000000000001,12.573,12.607,18.075999999999997,12.581,12.867999999999999,13.734,27.194,11.76,22.523,15.825,12.602],"dijkstra":[2.684,2.3489999999999998,2.593,2.437,2.335,2.44,2.451,2.3,2.3,2.433,2.348,2.335,2.6,2.346,2.348,2.453,2.3600000000000003,2.318,2.513,2.579,2.557,3.536,3.062,3.0469999999999997,3.628,3.3089999999999997,3.5509999999999997,3.552,3.776,3.7680000000000002,3.922,3.381,3.2169999999999996,3.595,3.507,3.947,3.492,3.48,4.189,3.434,3.3289999999999997,3.3600000000000003,2.992,3.519,3.25,3.034,2.969,2.8649999999999998,3.725,3.655,2.927,2.799,2.777,3.133,2.941,2.786,2.71,2.711,2.662,2.854,2.933,3.012,2.699,2.695,2.7430000000000003,2.8440000000000003,2.8600000000000003,2.693,2.552,2.3579999999999997,2.32,2.395,2.366,2.4659999999999997,2.544,2.346,2.3649999999999998,2.262,2.368,2.322,2.29,2.312,2.3280000000000003,2.254,2.355,2.5149999999999997,2.297,2.417,2.524,2.336,2.347,2.483,2.2590000000000003,2.426,2.478,2.493,2.371,2.534,2.3600000000000003,2.597]},